{
    "version": "0.2.0",
    "configurations": [
        {
            "name": "(gdb) Launch",
            "type": "cppdbg",
            "request": "launch",
            "targetArchitecture": "x86",
            "program": "${fileDirname}\\${fileBasenameNoExtension}.exe",
            "miDebuggerPath": "c:\\MinGW\\bin\\gdb.exe",
            "args": [],
            "stopAtEntry": false,
            "cwd": "${fileDirname}",
            "externalConsole": true,
            "preLaunchTask": "g++"
        }
    ]
}