{
  "version": "2.0.0",
  "command": "g++",
  "type": "shell",
  "presentation": {
    "echo": true,
    "reveal": "always",
    "focus": false,
    "panel": "shared",
    "showReuseMessage": true,
    "clear": false
  },
  "args": ["-g", "${file}", "-o", "${fileDirname}\\${fileBasenameNoExtension}.exe"],
  "problemMatcher": {
    "owner": "cpp",
    "fileLocation": ["relative", "${workspaceRoot}"],
    "pattern": {
      "regexp": "^(.*):(\\d+):(\\d+):\\s+(warning|error):\\s+(.*)$",
      "file": 1,
      "line": 2,
      "column": 3,
      "severity": 4,
      "message": 5
    }
  }
}